img_id,0,1,2,3,4,5,6,7,8,9
70.jpg,0,1,0,1,0,1,1,0,1,0
240.jpg,1,1,1,0,0,0,0,1,1,0
743.jpg,1,1,1,1,0,1,0,1,1,0
621.jpg,0,1,1,0,1,1,0,1,1,0
742.jpg,0,1,0,1,1,1,1,0,0,1
465.jpg,1,0,0,1,0,0,1,1,0,0
338.jpg,0,1,1,0,0,1,1,0,0,0
478.jpg,1,0,1,1,0,1,1,0,0,0
863.jpg,0,0,0,0,0,0,0,1,1,1
13.jpg,0,1,1,0,0,1,0,1,1,1
504.jpg,1,1,0,1,0,0,1,0,1,1
818.jpg,1,0,0,0,1,0,1,0,1,0
488.jpg,1,1,0,0,1,0,1,0,0,1
131.jpg,0,1,0,1,0,0,0,0,0,1
42.jpg,0,1,0,0,0,0,0,1,0,1
461.jpg,1,1,0,1,1,0,0,0,0,1
88.jpg,1,1,0,0,0,1,1,0,0,1
254.jpg,0,1,1,0,1,1,0,1,0,0
125.jpg,1,1,0,0,0,0,0,0,1,1
68.jpg,1,1,0,0,1,0,0,1,1,0
524.jpg,0,0,1,0,0,1,0,1,1,0
189.jpg,0,1,0,0,1,1,0,1,1,0
17.jpg,0,1,1,0,0,1,1,0,0,1
218.jpg,1,1,0,1,0,0,0,1,1,0
178.jpg,0,1,1,0,1,0,1,0,1,1
661.jpg,0,1,1,1,0,1,0,1,1,1
372.jpg,1,0,1,0,0,0,1,0,1,0
618.jpg,1,1,0,1,1,0,1,0,1,1
369.jpg,1,1,1,1,0,0,1,1,0,0
802.jpg,1,1,0,0,0,1,1,1,0,0
313.jpg,0,1,1,1,1,0,1,0,0,1
62.jpg,1,1,1,1,0,1,0,0,0,1
827.jpg,1,1,0,1,0,0,0,1,0,1
470.jpg,0,1,0,0,0,1,0,1,0,1
456.jpg,0,1,0,1,0,1,0,0,1,1
257.jpg,1,1,0,0,0,1,1,1,1,0
667.jpg,0,1,0,0,1,1,0,0,1,1
770.jpg,1,1,0,0,1,0,1,1,1,0
244.jpg,0,0,0,1,0,0,0,0,1,1
877.jpg,0,1,0,0,1,1,1,0,1,0
364.jpg,0,0,0,1,1,0,1,1,0,1
881.jpg,0,1,1,1,0,1,0,1,1,0
329.jpg,1,0,1,0,0,0,1,0,0,1
462.jpg,1,1,0,1,0,1,0,0,0,1
427.jpg,0,1,1,0,0,1,0,1,0,0
104.jpg,0,0,0,0,0,1,0,0,1,0
902.jpg,1,1,1,1,0,0,1,0,0,0
375.jpg,0,1,1,0,1,0,0,0,1,1
474.jpg,0,1,1,0,0,0,1,1,1,1
264.jpg,1,0,1,1,0,1,1,0,0,0
86.jpg,0,1,0,0,1,1,0,0,0,0
191.jpg,1,1,1,0,1,0,0,1,0,1
87.jpg,0,1,1,1,0,1,0,0,0,0
149.jpg,0,1,0,1,0,0,0,0,1,1
46.jpg,1,1,0,0,0,1,1,0,1,1
128.jpg,1,1,0,1,1,0,0,0,0,1
212.jpg,1,1,0,1,0,0,0,1,1,0
689.jpg,1,1,0,1,0,1,0,0,0,0
153.jpg,1,1,0,0,0,0,0,1,1,1
540.jpg,1,1,0,1,0,0,1,1,1,0
655.jpg,0,1,0,0,1,1,0,0,1,1
265.jpg,0,0,0,1,1,0,1,1,0,0
640.jpg,0,1,0,1,0,1,0,1,0,0
562.jpg,1,1,1,0,1,0,1,1,0,0
659.jpg,1,1,1,0,0,1,0,1,0,0
336.jpg,1,1,0,1,0,0,0,1,1,0
663.jpg,1,1,1,0,1,1,1,0,0,0
635.jpg,0,0,1,0,0,1,0,0,0,1
616.jpg,0,1,0,0,1,0,0,1,1,1
116.jpg,1,1,1,1,0,0,1,0,0,0
299.jpg,0,1,0,1,0,0,1,0,1,1
394.jpg,1,1,0,0,0,0,1,0,1,0
614.jpg,0,0,0,0,1,0,0,1,1,1
242.jpg,1,1,0,1,1,1,1,0,0,1
140.jpg,0,1,1,0,0,0,1,0,1,1
481.jpg,1,1,0,1,1,0,0,1,0,1
668.jpg,0,1,0,1,1,1,0,0,0,0
350.jpg,1,1,0,0,1,0,0,1,1,0
509.jpg,1,1,1,1,0,1,0,1,1,0
676.jpg,0,0,1,0,1,0,1,0,1,0
7.jpg,1,1,0,0,0,1,1,1,0,0
583.jpg,1,1,0,0,0,0,1,1,1,0
251.jpg,0,1,0,0,0,1,1,1,0,1
804.jpg,0,1,1,0,1,0,1,1,1,0
833.jpg,1,1,0,1,0,1,0,0,1,0
392.jpg,0,1,0,1,0,0,1,1,1,1
771.jpg,1,1,0,1,0,1,0,0,1,0
500.jpg,0,1,0,0,0,1,1,0,1,1
731.jpg,1,1,1,0,1,1,0,0,1,1
499.jpg,0,1,0,1,1,0,0,0,1,1
202.jpg,1,1,0,0,1,1,1,1,0,0
665.jpg,0,0,1,0,0,1,0,0,1,1
12.jpg,0,1,1,1,0,1,1,0,0,0
609.jpg,1,0,0,0,0,1,1,0,1,1
501.jpg,0,1,1,0,0,0,0,1,0,1
158.jpg,1,1,0,1,1,0,0,0,0,1
77.jpg,1,1,0,1,0,0,1,0,0,1
168.jpg,0,1,0,1,0,1,0,0,1,1
552.jpg,0,1,1,1,1,0,1,0,0,0
349.jpg,1,1,1,1,1,0,0,0,1,1
345.jpg,0,0,0,0,0,1,1,1,1,1
718.jpg,1,1,0,0,1,0,1,0,0,0
380.jpg,1,0,1,1,1,1,0,1,0,0
547.jpg,0,1,0,0,1,1,0,1,0,1
282.jpg,0,1,0,0,0,1,1,1,0,1
617.jpg,1,1,1,0,0,1,1,0,0,0
161.jpg,0,1,1,1,1,0,1,0,0,0
809.jpg,1,1,1,1,0,0,1,0,0,0
187.jpg,0,0,0,1,1,1,0,1,0,1
830.jpg,1,0,1,0,1,0,0,1,1,0
216.jpg,0,1,0,1,1,1,0,0,1,0
704.jpg,1,1,1,1,0,1,0,0,1,0
98.jpg,0,0,0,1,0,0,1,1,1,1
186.jpg,0,0,0,0,0,1,1,1,1,1
346.jpg,0,1,1,1,1,0,0,0,0,1
301.jpg,1,0,0,1,1,0,1,0,0,1
557.jpg,1,1,1,0,1,0,1,0,0,0
373.jpg,1,1,0,0,1,1,0,0,0,0
514.jpg,0,1,1,0,1,0,1,0,0,0
417.jpg,1,1,1,0,1,0,0,0,0,1
235.jpg,1,1,0,0,1,0,0,0,1,0
573.jpg,1,1,0,0,0,1,1,1,1,1
451.jpg,0,1,0,1,0,0,1,1,1,1
471.jpg,1,1,0,0,1,0,1,0,0,1
444.jpg,0,1,0,1,1,0,0,0,0,1
199.jpg,0,0,1,1,0,0,0,1,1,1
83.jpg,0,1,1,0,0,0,0,1,0,1
117.jpg,0,1,0,1,1,0,0,1,1,1
252.jpg,0,1,0,0,1,1,0,0,1,1
844.jpg,1,1,0,1,1,0,0,0,1,0
776.jpg,1,1,0,1,1,0,0,1,1,0
164.jpg,0,1,1,1,0,0,0,0,0,0
507.jpg,1,1,0,1,0,0,0,0,0,0
806.jpg,0,1,0,1,1,0,0,1,0,1
622.jpg,1,0,0,1,0,0,0,1,1,0
194.jpg,0,1,1,1,0,0,0,1,1,1
656.jpg,1,1,0,0,0,1,1,1,0,1
761.jpg,1,1,1,1,0,0,1,1,0,0
712.jpg,0,1,0,0,0,1,0,0,1,1
889.jpg,0,1,0,0,0,1,1,1,0,1
181.jpg,1,1,0,1,1,1,0,0,0,1
506.jpg,1,1,0,1,1,0,0,1,0,0
305.jpg,1,1,1,1,0,0,1,0,0,0
90.jpg,1,0,0,0,0,1,1,1,1,1
333.jpg,0,0,0,0,1,0,0,1,1,1
585.jpg,0,0,1,0,1,0,0,1,1,1
486.jpg,1,1,0,1,0,0,0,0,0,1
853.jpg,1,1,0,0,1,1,1,1,0,0
807.jpg,0,1,1,0,1,1,0,1,0,0
408.jpg,0,1,0,1,0,1,0,1,0,0
606.jpg,1,1,1,1,0,0,1,1,0,0
545.jpg,1,1,0,0,1,0,0,0,1,0
700.jpg,0,1,0,0,0,1,0,1,0,1
124.jpg,0,1,0,1,1,1,1,0,1,0
91.jpg,0,0,0,0,1,0,1,1,0,1
577.jpg,0,1,0,0,1,1,1,0,1,0
696.jpg,0,1,1,0,0,0,1,1,0,0
449.jpg,0,1,1,0,0,0,0,1,0,0
28.jpg,0,1,1,1,0,1,1,1,0,0
706.jpg,0,1,1,0,0,0,0,0,1,1
901.jpg,0,0,1,0,0,1,0,1,1,0
64.jpg,1,1,0,1,0,0,1,0,1,1
763.jpg,1,1,0,1,0,1,0,0,1,0
331.jpg,1,1,0,1,0,1,1,1,0,1
219.jpg,0,1,0,1,1,1,1,1,0,0
801.jpg,1,1,0,1,0,1,1,1,0,0
354.jpg,0,1,1,1,1,0,0,1,0,1
308.jpg,0,1,0,1,0,0,0,0,0,1
312.jpg,1,1,0,0,1,0,1,0,1,1
198.jpg,0,1,0,1,0,1,0,1,1,1
437.jpg,1,1,1,0,0,0,1,0,1,0
868.jpg,0,0,0,1,1,0,1,1,0,0
541.jpg,1,1,0,1,0,1,0,0,0,0
846.jpg,0,1,0,0,1,1,1,0,0,0
314.jpg,0,1,1,1,1,1,0,1,0,0
821.jpg,1,1,0,1,0,0,0,0,1,1
367.jpg,1,1,0,0,1,1,0,0,1,0
711.jpg,1,1,0,0,0,1,1,1,1,1
520.jpg,1,0,1,0,0,0,0,0,1,1
692.jpg,0,1,1,0,0,0,0,1,0,1
592.jpg,0,1,1,0,1,0,0,0,1,1
531.jpg,1,1,0,0,1,0,0,0,1,0
643.jpg,0,1,1,0,0,0,0,1,0,1
306.jpg,0,1,0,0,0,1,1,1,1,0
196.jpg,0,1,0,0,0,0,1,1,1,0
328.jpg,0,1,1,1,1,1,0,0,1,0
442.jpg,1,1,0,0,0,0,0,1,1,1
162.jpg,1,1,0,1,0,1,1,0,0,0
548.jpg,0,1,0,0,0,1,1,1,1,0
564.jpg,0,1,1,1,0,1,1,0,1,0
724.jpg,0,1,0,1,1,1,1,1,0,0
53.jpg,0,0,0,0,1,1,0,1,1,0
672.jpg,1,1,0,1,0,1,1,0,0,1
645.jpg,0,1,1,0,0,0,0,1,1,1
400.jpg,1,1,1,1,0,0,0,0,0,1
226.jpg,0,0,0,0,0,1,1,1,0,1
772.jpg,1,1,1,1,0,0,1,0,0,0
864.jpg,0,1,0,1,0,0,1,0,1,0
450.jpg,1,1,0,1,0,0,1,1,0,1
748.jpg,0,1,1,1,1,0,0,0,1,1
543.jpg,1,1,1,0,0,0,1,0,1,1
723.jpg,0,0,0,1,1,0,0,1,1,0
492.jpg,1,1,0,0,0,0,1,0,1,0
762.jpg,0,0,0,0,0,0,1,1,1,1
205.jpg,0,1,0,1,1,1,0,0,0,1
403.jpg,1,0,0,0,0,1,1,1,0,1
238.jpg,0,1,1,0,0,1,1,1,0,0
735.jpg,1,1,0,1,1,0,1,0,0,0
179.jpg,1,1,1,0,0,1,0,1,0,0
892.jpg,1,1,0,1,0,0,0,1,0,0
701.jpg,1,1,0,0,1,0,1,0,1,0
221.jpg,0,1,0,1,0,0,1,0,1,0
143.jpg,0,1,0,1,1,0,0,0,0,0
646.jpg,1,1,0,0,1,0,0,0,1,0
201.jpg,0,1,1,1,0,0,0,1,0,0
515.jpg,0,1,0,1,1,0,1,0,0,1
231.jpg,1,1,1,0,1,0,0,0,1,1
82.jpg,1,0,1,1,0,1,1,0,0,0
510.jpg,0,1,1,1,0,1,1,0,0,0
317.jpg,0,0,1,0,1,0,0,1,1,0
320.jpg,1,1,1,0,1,0,0,1,0,1
648.jpg,0,0,0,0,0,1,1,1,1,1
188.jpg,0,0,1,0,0,1,0,1,1,1
294.jpg,1,1,0,0,0,0,1,0,0,1
239.jpg,0,1,0,1,1,1,0,1,0,0
249.jpg,0,1,1,1,1,0,0,1,0,1
51.jpg,1,1,0,1,0,0,1,1,0,1
626.jpg,0,1,1,1,1,1,0,0,1,0
845.jpg,0,1,1,1,1,0,0,0,0,1
174.jpg,0,1,0,0,1,1,0,0,1,1
815.jpg,1,1,0,1,0,0,1,1,0,0
469.jpg,0,1,0,1,1,1,0,0,1,0
503.jpg,0,0,0,1,1,1,0,1,1,1
895.jpg,0,1,1,0,0,0,1,1,0,1
58.jpg,0,1,1,1,0,0,0,1,1,0
154.jpg,0,1,0,0,0,1,1,1,0,0
230.jpg,1,1,1,0,0,1,1,0,1,0
65.jpg,0,0,0,1,1,0,1,1,0,1
463.jpg,0,0,0,1,0,1,0,0,0,1
732.jpg,0,1,0,0,1,0,0,1,1,1
535.jpg,0,1,1,1,0,0,0,1,0,0
324.jpg,1,1,0,0,1,1,0,1,0,0
152.jpg,1,0,0,0,1,0,0,0,1,1
554.jpg,0,0,0,0,1,0,0,1,1,1
100.jpg,0,1,0,1,0,0,1,1,0,1
682.jpg,1,1,0,1,0,1,1,0,0,0
54.jpg,1,1,1,0,0,0,1,1,1,0
658.jpg,0,1,1,0,1,0,1,1,1,0
454.jpg,1,1,1,0,1,1,1,0,0,0
247.jpg,0,1,1,0,0,0,1,1,0,1
739.jpg,1,1,0,1,1,1,0,0,0,0
725.jpg,0,1,0,1,1,1,1,0,0,0
224.jpg,0,1,0,1,0,0,1,1,1,0
206.jpg,1,1,1,0,0,0,0,0,1,0
245.jpg,0,1,0,1,0,0,1,0,1,1
29.jpg,0,1,0,1,1,1,1,0,0,1
715.jpg,0,0,1,1,1,0,1,1,0,1
108.jpg,0,1,1,1,0,0,0,1,0,1
673.jpg,1,1,0,0,0,1,1,1,0,1
34.jpg,0,1,1,0,0,1,0,1,1,1
63.jpg,1,1,0,1,0,1,1,0,0,1
123.jpg,0,1,1,0,0,1,1,0,0,1
215.jpg,1,1,0,1,1,0,0,1,0,0
351.jpg,1,1,1,0,0,0,0,1,1,1
387.jpg,0,1,0,1,1,0,1,0,1,1
107.jpg,0,1,1,0,0,0,0,1,1,1
542.jpg,0,1,0,0,1,0,0,1,1,0
172.jpg,1,0,1,0,0,1,1,1,0,0
477.jpg,0,1,0,0,1,0,1,1,1,0
730.jpg,0,1,1,0,1,0,1,1,1,0
752.jpg,0,1,1,0,1,1,0,1,0,0
736.jpg,1,0,0,0,1,0,0,0,1,1
526.jpg,1,1,0,1,1,0,0,0,1,1
26.jpg,1,1,0,1,0,0,1,1,1,0
376.jpg,0,1,0,1,1,1,1,1,0,0
496.jpg,0,1,1,0,1,0,0,1,0,0
841.jpg,1,1,1,0,1,0,0,0,0,1
197.jpg,0,1,0,0,0,1,1,1,0,1
52.jpg,0,0,0,1,1,0,1,1,0,1
820.jpg,1,1,0,1,1,0,0,0,0,1
565.jpg,0,1,0,1,1,1,1,0,0,1
57.jpg,1,0,1,1,1,1,0,0,0,0
784.jpg,0,1,1,0,1,0,0,1,0,1
834.jpg,1,1,0,1,1,0,0,1,0,1
566.jpg,0,0,1,0,0,1,1,0,1,0
869.jpg,0,0,0,0,1,1,1,1,0,1
2.jpg,1,1,1,1,0,0,1,1,0,0
875.jpg,0,1,0,0,0,0,1,0,1,1
810.jpg,0,1,0,0,1,1,0,0,1,1
110.jpg,0,1,1,1,1,0,0,1,0,1
293.jpg,0,1,1,1,0,0,0,1,1,1
590.jpg,0,1,1,1,0,0,0,1,1,0
396.jpg,0,1,0,1,1,1,0,1,1,1
243.jpg,0,0,1,0,0,0,1,1,1,0
532.jpg,0,1,0,1,0,0,1,1,0,0
908.jpg,0,1,0,1,0,1,1,1,0,0
516.jpg,1,1,1,0,0,0,0,0,1,0
121.jpg,1,1,0,1,1,0,0,1,0,1
675.jpg,0,1,1,0,0,0,1,1,0,1
851.jpg,0,1,1,1,1,0,0,0,0,1
842.jpg,0,0,1,1,0,1,0,1,1,0
685.jpg,0,1,1,0,1,1,0,0,1,1
120.jpg,0,1,0,0,0,1,1,0,1,1
636.jpg,0,1,0,0,0,1,1,0,1,1
717.jpg,0,1,0,1,1,0,1,0,0,1
142.jpg,1,0,0,1,1,0,1,0,0,1
5.jpg,1,1,0,0,1,0,0,1,0,0
132.jpg,0,0,0,0,0,1,1,1,0,1
862.jpg,0,1,1,0,1,0,1,1,1,0
866.jpg,1,1,0,0,1,0,0,1,1,0
883.jpg,1,1,0,0,1,0,0,0,1,0
755.jpg,0,1,1,1,0,0,1,1,0,0
41.jpg,0,1,1,0,0,0,1,0,0,1
691.jpg,1,1,0,0,0,0,1,1,0,0
381.jpg,0,1,1,1,1,0,0,0,0,1
159.jpg,0,1,1,0,1,0,0,1,1,0
285.jpg,0,0,1,1,0,0,0,0,1,1
55.jpg,0,1,0,1,0,0,0,1,1,1
811.jpg,1,1,1,0,0,1,0,1,0,1
303.jpg,0,0,1,0,0,1,0,0,1,1
537.jpg,0,0,0,0,0,1,1,0,1,1
360.jpg,0,1,0,1,0,1,0,1,0,1
494.jpg,1,1,0,1,1,1,1,0,0,0
232.jpg,0,1,1,0,1,0,0,1,0,0
534.jpg,1,1,1,0,0,1,1,1,0,0
371.jpg,0,0,0,0,1,1,1,0,0,0
304.jpg,0,1,1,0,1,1,0,1,0,0
233.jpg,0,0,0,0,0,1,0,1,1,1
291.jpg,0,1,0,0,0,0,1,1,0,0
190.jpg,1,0,0,0,1,0,1,1,1,0
93.jpg,0,1,0,1,1,0,0,0,0,1
796.jpg,1,1,1,0,0,1,0,0,0,1
40.jpg,1,1,1,1,0,1,0,0,0,1
544.jpg,1,1,0,1,1,1,0,0,0,1
884.jpg,0,1,0,1,0,1,0,1,1,0
119.jpg,0,1,0,1,0,1,0,1,0,0
686.jpg,0,1,0,0,0,1,1,1,0,1
200.jpg,0,1,1,0,0,0,0,1,0,1
765.jpg,0,1,0,1,1,0,1,1,0,1
378.jpg,1,1,1,0,0,0,0,1,1,1
873.jpg,1,1,0,0,1,0,1,0,0,0
99.jpg,0,1,0,0,1,1,0,0,1,1
709.jpg,0,1,1,0,0,1,1,0,0,0
96.jpg,0,0,1,0,0,1,0,0,1,1
430.jpg,0,0,1,0,0,0,0,1,1,1
610.jpg,0,1,1,0,0,1,1,0,1,1
601.jpg,1,0,0,1,1,0,1,0,0,0
854.jpg,0,1,0,1,1,1,1,1,0,0
880.jpg,1,0,1,1,0,1,1,0,0,0
787.jpg,0,1,0,0,0,0,1,1,1,1
156.jpg,0,1,0,0,0,1,1,0,1,1
572.jpg,1,1,0,0,0,1,0,0,1,1
793.jpg,0,1,0,0,1,1,1,0,0,0
298.jpg,1,1,0,1,0,0,1,0,1,1
808.jpg,0,1,1,0,0,1,1,1,0,0
518.jpg,0,1,0,0,1,1,0,1,0,1
151.jpg,1,1,1,1,1,0,0,0,1,1
10.jpg,0,0,0,1,1,1,0,0,1,1
288.jpg,0,1,0,0,0,0,1,1,1,0
533.jpg,0,1,1,0,0,0,0,0,1,1
66.jpg,0,1,0,1,0,0,1,1,1,1
455.jpg,0,1,1,0,1,1,0,0,1,0
560.jpg,1,1,0,1,0,1,0,1,0,0
348.jpg,0,1,0,1,1,1,0,0,0,1
414.jpg,0,1,0,1,1,1,0,0,0,1
195.jpg,1,1,0,0,1,0,1,0,0,0
594.jpg,1,1,0,1,1,0,1,0,0,0
722.jpg,0,1,0,0,1,0,1,1,0,0
279.jpg,1,1,0,0,1,1,0,1,0,0
113.jpg,0,1,0,0,0,1,1,0,1,1
759.jpg,1,1,0,1,1,0,0,0,1,0
737.jpg,0,1,1,0,0,0,1,0,0,1
624.jpg,0,1,1,1,0,1,0,0,0,0
353.jpg,0,1,1,1,1,1,0,0,0,0
418.jpg,0,1,0,1,1,1,0,0,0,1
906.jpg,1,1,1,0,1,0,0,0,0,1
879.jpg,0,1,1,0,0,1,0,1,0,0
586.jpg,0,0,0,1,1,0,1,1,0,1
425.jpg,0,0,0,0,1,1,1,0,0,0
268.jpg,0,1,0,1,1,1,1,1,0,0
287.jpg,1,1,0,0,0,0,1,1,1,0
248.jpg,1,1,1,1,0,1,0,1,1,0
657.jpg,1,0,1,0,1,1,0,1,0,1
836.jpg,0,1,1,0,1,0,1,1,0,0
342.jpg,0,1,0,0,1,1,0,1,0,1
733.jpg,1,1,1,1,0,0,1,1,0,0
36.jpg,0,1,0,0,0,1,0,1,0,1
670.jpg,1,1,0,0,1,1,0,1,0,0
741.jpg,1,1,0,1,0,1,1,0,0,1
326.jpg,1,1,0,0,1,0,0,1,1,0
567.jpg,0,1,0,1,0,0,0,1,0,1
130.jpg,1,1,1,0,0,1,1,0,0,0
458.jpg,0,1,0,0,0,1,1,1,0,1
368.jpg,0,1,0,0,1,1,0,1,0,1
115.jpg,0,1,0,0,0,1,1,0,1,1
38.jpg,0,1,0,1,1,1,0,1,1,1
604.jpg,0,1,0,1,1,1,1,1,1,0
340.jpg,1,1,0,0,1,0,0,1,0,0
20.jpg,0,1,0,0,1,1,1,0,1,0
67.jpg,0,1,0,1,0,0,0,1,1,1
362.jpg,0,0,0,0,1,0,0,1,1,1
835.jpg,0,1,0,1,1,0,0,0,0,1
823.jpg,0,1,1,0,1,0,1,0,0,0
270.jpg,0,1,0,0,0,1,1,0,1,1
322.jpg,0,1,1,1,1,0,1,0,0,1
102.jpg,1,1,1,1,0,0,1,0,0,0
613.jpg,1,1,0,0,1,0,0,1,1,0
684.jpg,0,1,0,0,0,1,1,0,1,1
23.jpg,0,1,0,0,1,1,0,1,0,1
528.jpg,1,1,0,1,1,0,0,0,0,1
284.jpg,1,1,1,1,1,0,0,0,0,0
814.jpg,1,1,0,0,0,1,1,0,1,0
840.jpg,0,0,1,0,0,1,1,0,1,1
460.jpg,0,1,0,1,0,0,0,0,1,1
386.jpg,0,1,0,0,0,1,1,0,1,1
493.jpg,1,0,0,1,1,0,0,0,0,1
720.jpg,0,1,0,1,0,1,0,1,0,1
587.jpg,0,1,0,0,1,1,0,1,0,1
428.jpg,1,1,0,0,1,0,0,0,1,1
756.jpg,0,1,1,1,1,0,1,0,0,0
857.jpg,1,0,1,0,1,0,1,0,1,0
213.jpg,0,1,0,1,1,1,1,1,0,0
611.jpg,0,1,1,1,0,1,0,1,1,0
749.jpg,0,0,0,1,0,0,1,0,0,0
795.jpg,1,0,0,0,1,1,0,0,1,1
384.jpg,1,1,0,1,1,0,0,0,1,0
485.jpg,0,1,0,1,0,0,1,1,1,1
4.jpg,1,1,1,0,1,0,1,0,0,0
603.jpg,0,1,1,0,0,1,1,1,1,0
468.jpg,1,1,1,0,0,0,1,0,1,1
530.jpg,1,1,1,0,0,1,1,0,0,0
433.jpg,0,0,1,0,1,0,0,1,1,1
757.jpg,0,1,1,1,0,0,1,1,0,0
79.jpg,1,0,0,0,1,1,1,0,1,0
136.jpg,1,1,0,1,1,0,0,1,0,0
452.jpg,1,1,0,1,1,0,0,0,1,0
204.jpg,1,1,0,1,0,0,1,1,0,1
549.jpg,1,0,1,0,0,0,1,0,0,1
343.jpg,1,0,0,1,0,1,0,1,0,0
393.jpg,0,1,0,0,0,1,1,0,1,1
817.jpg,0,0,0,0,0,1,1,1,1,1
0.jpg,0,1,0,1,0,0,0,1,1,1
106.jpg,0,1,1,0,0,1,1,0,0,0
148.jpg,0,1,1,0,0,1,0,1,1,1
838.jpg,0,1,1,0,1,0,1,1,1,0
747.jpg,0,1,1,1,0,1,0,1,0,0
849.jpg,0,1,1,0,1,0,0,0,1,0
513.jpg,1,1,1,1,0,1,0,1,1,0
642.jpg,1,1,1,0,0,1,0,1,0,0
861.jpg,0,1,1,0,0,0,0,1,0,1
389.jpg,1,1,0,1,1,0,1,0,0,0
45.jpg,0,0,1,0,1,0,1,1,1,0
607.jpg,0,0,0,0,0,1,1,1,1,1
910.jpg,1,1,1,1,0,0,1,0,0,0
495.jpg,0,1,1,0,0,0,0,1,0,1
114.jpg,0,1,1,0,0,0,0,1,0,1
74.jpg,0,1,0,1,0,0,1,0,1,1
887.jpg,1,1,0,1,0,0,0,0,1,1
267.jpg,0,1,0,1,0,0,0,1,1,1
177.jpg,1,1,1,0,1,0,0,1,0,0
750.jpg,1,1,1,1,0,0,0,0,0,1
559.jpg,0,1,1,1,0,0,1,0,1,0
14.jpg,0,0,1,1,0,1,0,1,1,0
250.jpg,0,1,0,1,0,0,1,0,1,1
713.jpg,1,0,0,0,1,1,1,0,1,0
84.jpg,1,1,1,1,0,0,1,0,0,0
3.jpg,1,1,0,1,1,0,1,0,0,0
847.jpg,1,1,1,1,0,0,1,0,0,0
497.jpg,0,1,1,0,1,0,1,1,0,0
774.jpg,0,0,0,1,1,1,0,1,1,1
882.jpg,0,1,0,0,1,1,0,1,0,1
905.jpg,1,1,0,0,1,1,0,1,1,0
773.jpg,1,1,0,1,1,0,0,0,1,0
778.jpg,0,1,1,1,1,0,0,1,0,1
332.jpg,0,1,1,0,1,1,0,0,1,0
222.jpg,1,0,0,0,1,0,0,1,1,1
399.jpg,1,1,0,0,0,1,0,0,1,1
441.jpg,1,1,0,1,1,1,0,0,1,0
512.jpg,0,1,0,0,0,1,1,1,1,1
241.jpg,0,1,0,1,0,0,0,1,1,1
261.jpg,0,1,0,1,1,0,0,0,1,1
576.jpg,1,0,1,1,0,0,1,1,0,0
127.jpg,0,0,0,1,0,1,1,1,1,1
234.jpg,0,0,1,0,1,0,1,1,0,0
337.jpg,1,1,0,1,1,0,0,1,0,0
192.jpg,0,0,0,1,1,1,0,0,1,1
413.jpg,0,1,0,1,0,1,1,0,0,1
602.jpg,0,1,0,0,1,0,0,1,1,1
593.jpg,0,0,0,0,1,0,0,1,1,1
416.jpg,1,1,0,0,0,1,1,1,0,0
571.jpg,1,1,1,1,1,0,1,0,0,0
72.jpg,0,1,0,1,1,0,0,1,1,0
886.jpg,1,1,1,0,0,1,1,1,0,0
292.jpg,0,1,1,0,0,0,1,0,0,1
522.jpg,0,0,0,1,0,0,1,1,1,1
286.jpg,0,1,1,0,1,0,1,0,1,0
705.jpg,0,0,1,1,1,0,0,0,1,1
94.jpg,0,1,1,0,0,0,1,1,0,1
595.jpg,0,0,0,0,1,1,1,0,1,1
33.jpg,1,1,0,0,0,1,0,0,1,0
475.jpg,1,1,0,0,1,0,0,0,1,1
397.jpg,1,1,0,0,0,1,0,0,1,0
760.jpg,1,1,1,1,1,0,0,1,0,0
690.jpg,1,1,1,0,1,0,1,0,0,0
631.jpg,0,0,0,1,1,1,0,1,1,1
412.jpg,0,0,0,0,1,0,0,1,1,1
489.jpg,1,1,1,1,0,1,0,0,0,1
790.jpg,0,1,0,0,1,1,0,1,1,1
719.jpg,0,1,1,1,1,0,0,1,0,1
907.jpg,0,1,1,0,0,0,1,1,0,1
721.jpg,0,1,1,0,0,0,1,1,0,0
653.jpg,0,1,1,0,1,1,1,0,1,0
483.jpg,0,1,1,0,1,0,1,0,0,0
527.jpg,1,1,1,0,1,0,0,0,1,0
671.jpg,0,1,0,1,0,0,0,1,1,0
517.jpg,1,0,0,1,1,1,0,1,0,0
438.jpg,0,1,1,1,1,1,0,0,1,1
141.jpg,0,1,0,1,1,0,1,0,1,0
896.jpg,1,1,0,1,0,0,1,1,0,1
561.jpg,0,1,1,0,1,0,0,0,1,1
637.jpg,0,0,0,0,1,1,1,0,0,0
828.jpg,0,1,0,1,1,1,1,1,0,0
173.jpg,0,1,0,1,0,0,1,1,1,0
421.jpg,1,1,0,1,0,0,1,1,1,0
185.jpg,0,0,0,1,0,1,0,0,1,1
505.jpg,1,1,1,1,0,0,1,0,1,0
16.jpg,0,1,1,1,0,1,0,1,1,1
654.jpg,1,1,1,0,0,1,1,0,1,0
588.jpg,0,1,1,0,0,0,0,1,1,1
484.jpg,0,1,1,1,0,0,1,0,1,0
445.jpg,1,1,0,1,1,0,0,0,1,0
789.jpg,0,1,0,1,0,1,0,1,0,1
281.jpg,0,1,0,1,1,1,1,1,0,0
423.jpg,0,0,1,0,0,1,1,0,0,1
710.jpg,1,1,1,0,0,0,1,1,0,1
214.jpg,0,1,0,1,1,0,1,0,1,0
229.jpg,0,1,1,1,0,0,0,0,0,1
464.jpg,1,1,0,1,0,0,1,0,1,1
289.jpg,0,0,0,0,1,0,0,1,1,1
358.jpg,1,1,0,1,0,0,1,1,0,0
553.jpg,0,1,1,1,0,1,1,0,0,1
341.jpg,1,1,0,0,1,1,1,0,0,1
180.jpg,0,0,0,0,1,0,1,0,1,1
135.jpg,0,1,0,0,0,1,1,0,1,1
860.jpg,1,0,1,0,0,0,1,1,0,0
779.jpg,0,1,0,1,1,1,0,0,0,1
404.jpg,0,1,1,0,1,0,0,1,0,0
479.jpg,1,1,1,0,0,0,1,1,0,0
310.jpg,1,1,0,0,1,0,0,1,1,0
431.jpg,1,1,0,0,1,0,1,0,0,0
146.jpg,0,1,0,1,0,1,1,0,1,0
728.jpg,1,1,0,1,1,0,0,0,0,1
319.jpg,0,1,0,0,0,1,1,1,1,1
170.jpg,0,1,1,1,0,0,0,0,1,0
144.jpg,0,1,0,0,0,1,0,1,1,1
580.jpg,0,1,1,1,0,1,0,0,0,1
874.jpg,1,1,0,0,0,1,1,0,0,0
405.jpg,0,1,1,1,1,0,0,0,0,1
407.jpg,0,0,0,1,1,0,1,1,0,0
813.jpg,0,0,1,0,1,0,1,0,1,0
570.jpg,0,0,1,0,0,1,0,1,1,1
589.jpg,1,1,1,1,0,0,0,0,1,0
683.jpg,1,1,1,1,0,0,1,0,0,0
716.jpg,0,0,0,0,1,1,1,1,0,1
75.jpg,0,0,0,1,0,1,1,1,1,1
608.jpg,0,1,0,1,0,0,1,0,1,0
780.jpg,0,0,1,0,0,1,1,0,1,1
382.jpg,0,1,0,1,1,1,0,1,0,1
782.jpg,0,1,1,1,0,0,0,1,0,1
605.jpg,0,1,1,0,0,1,0,1,0,0
309.jpg,0,1,1,1,0,0,0,1,1,0
843.jpg,0,1,1,1,1,0,1,0,0,0
639.jpg,1,1,1,1,0,0,0,0,1,1
266.jpg,1,1,0,1,0,1,1,0,0,1
903.jpg,1,1,0,0,0,1,1,0,1,1
155.jpg,0,1,1,0,1,1,1,1,0,0
536.jpg,0,1,1,0,1,0,1,1,1,0
767.jpg,0,1,1,0,0,0,0,1,0,1
81.jpg,1,1,0,1,1,0,0,0,0,1
669.jpg,1,1,0,1,0,0,1,0,1,1
578.jpg,0,1,1,0,0,0,0,1,1,1
702.jpg,1,1,0,0,1,0,0,0,1,1
78.jpg,1,0,1,1,1,1,0,1,0,0
644.jpg,0,1,1,0,1,1,0,1,0,0
321.jpg,0,1,0,0,0,1,0,1,0,1
22.jpg,1,0,1,1,0,0,1,1,0,0
697.jpg,0,0,1,0,1,0,0,1,1,0
519.jpg,1,1,0,0,1,0,1,0,0,0
812.jpg,1,1,0,1,0,1,0,0,0,0
426.jpg,0,0,0,0,1,0,0,1,1,1
361.jpg,1,1,0,1,0,1,0,0,0,1
263.jpg,0,1,1,1,0,0,0,1,1,0
43.jpg,1,1,0,1,1,0,0,0,0,0
858.jpg,1,1,0,0,1,1,1,0,1,0
859.jpg,0,1,1,0,0,1,0,1,1,0
101.jpg,0,0,0,0,0,1,1,1,1,1
688.jpg,0,1,0,0,0,1,0,1,0,1
138.jpg,1,1,0,0,1,1,1,0,0,0
529.jpg,0,1,1,0,0,1,1,1,0,0
794.jpg,0,1,0,1,0,0,1,0,0,1
525.jpg,1,0,1,0,0,0,1,1,0,1
829.jpg,1,1,0,0,1,1,0,0,1,0
824.jpg,0,1,0,0,0,0,0,1,1,1
751.jpg,0,1,0,0,1,1,0,0,0,1
220.jpg,0,1,0,1,1,0,1,1,0,1
491.jpg,0,1,0,1,0,0,1,0,0,0
699.jpg,1,1,1,1,0,0,1,0,0,0
867.jpg,0,1,0,1,0,1,0,1,1,0
897.jpg,0,0,1,1,0,0,1,1,0,1
163.jpg,0,1,0,1,1,1,0,1,0,1
674.jpg,1,1,1,0,0,0,1,0,1,0
521.jpg,1,1,0,1,0,0,0,1,1,0
872.jpg,1,1,1,0,1,1,0,0,0,1
111.jpg,0,1,1,0,0,1,1,0,1,1
457.jpg,1,1,1,0,0,0,0,1,1,1
295.jpg,1,1,0,1,1,0,0,1,0,0
166.jpg,1,0,1,0,0,1,1,1,0,0
708.jpg,1,1,0,1,0,0,0,0,1,1
899.jpg,1,1,0,0,0,0,1,1,0,1
792.jpg,0,0,0,1,0,0,0,0,1,1
652.jpg,0,0,0,1,1,1,0,0,1,1
47.jpg,1,1,1,0,0,1,1,0,0,1
888.jpg,1,0,1,1,0,1,1,0,0,0
183.jpg,0,1,1,1,1,0,1,0,0,1
584.jpg,0,1,1,0,1,0,0,1,1,0
355.jpg,0,1,1,1,0,1,1,1,0,0
831.jpg,0,1,1,1,0,1,0,1,0,0
850.jpg,0,1,1,1,0,1,0,0,0,0
596.jpg,0,1,1,1,0,0,1,1,0,1
390.jpg,0,1,0,1,0,1,0,1,1,1
694.jpg,0,1,1,0,1,0,1,0,1,1
18.jpg,0,1,1,1,0,1,0,0,0,0
71.jpg,1,0,1,0,1,0,1,0,0,1
826.jpg,0,1,1,1,0,1,1,0,1,0
409.jpg,0,1,0,1,1,1,0,1,0,1
695.jpg,0,0,0,0,1,0,0,0,1,1
447.jpg,0,1,0,1,0,1,1,0,1,1
472.jpg,0,1,1,0,0,0,1,1,0,1
788.jpg,0,0,1,1,1,0,1,1,0,1
11.jpg,0,0,0,0,0,1,1,1,1,1
511.jpg,1,0,0,1,1,1,0,1,0,1
169.jpg,1,1,0,0,1,0,0,0,0,1
898.jpg,0,0,0,0,1,1,1,0,0,0
729.jpg,0,1,0,0,1,1,0,1,1,1
727.jpg,0,1,0,0,1,1,0,1,1,0
89.jpg,1,1,0,1,1,1,0,0,0,0
280.jpg,0,1,1,0,0,1,0,1,0,0
598.jpg,0,1,0,0,0,1,0,1,0,1
623.jpg,0,0,1,0,1,0,1,1,0,1
209.jpg,1,1,0,1,0,0,1,1,0,1
429.jpg,1,0,0,0,1,0,1,0,1,0
410.jpg,0,0,1,0,0,1,1,0,1,0
147.jpg,0,1,0,0,1,1,0,1,1,1
459.jpg,0,0,1,0,1,1,1,0,1,0
315.jpg,1,1,0,0,1,1,0,1,1,1
422.jpg,1,1,0,0,0,1,0,0,1,0
582.jpg,1,1,0,1,0,0,0,0,0,0
436.jpg,0,1,0,1,1,0,1,0,0,1
482.jpg,1,1,0,1,0,0,0,1,1,1
558.jpg,0,1,1,0,0,0,0,0,1,0
134.jpg,1,1,0,0,1,0,0,0,1,0
546.jpg,0,1,0,0,0,0,0,1,1,1
330.jpg,0,1,0,1,1,1,0,0,0,1
165.jpg,0,1,1,0,0,1,1,1,1,0
105.jpg,0,0,0,1,0,1,0,0,0,1
900.jpg,1,1,1,0,0,0,0,0,1,0
551.jpg,0,1,0,1,1,0,1,1,0,1
768.jpg,0,0,1,1,1,0,1,0,0,1
24.jpg,1,1,1,0,0,0,0,1,0,1
21.jpg,0,1,0,0,1,0,1,1,0,1
434.jpg,0,1,0,0,0,1,1,1,0,0
39.jpg,0,1,0,0,0,1,1,0,0,0
581.jpg,1,0,1,0,0,0,1,0,1,0
211.jpg,0,1,0,0,1,0,1,1,0,0
339.jpg,0,1,1,1,1,0,1,0,0,0
